类型,roll(°),pitch(°),yaw(°),初始总误差(°),RL纠正时间(s),PID纠正时间(s),RL稳态误差(°),PID稳态误差(°)
roll,0,0,0,0.0000,0.0000,0.0000,0.0008,0.0000
roll,15,0,0,15.0000,1.2200,7.0400,0.6647,0.4133
roll,30,0,0,30.0000,1.6200,,0.6568,
roll,45,0,0,45.0000,1.8800,11.1900,0.6450,0.4088
roll,60,0,0,60.0000,2.0300,11.4800,0.6386,0.3721
roll,75,0,0,75.0000,1.8200,11.7400,0.6450,0.3694
roll,90,0,0,90.0000,2.6900,12.0200,0.9277,0.4069
pitch,0,0,0,0.0000,0.0000,0.0000,0.0008,0.0000
pitch,0,15,0,15.0000,1.2200,6.3800,0.5490,0.4089
pitch,0,30,0,30.0000,1.6400,6.6800,0.5516,0.4594
pitch,0,45,0,45.0000,1.9000,,0.5594,
pitch,0,60,0,60.0000,2.1000,10.5100,0.5515,0.6873
pitch,0,75,0,75.0000,2.2000,10.8500,0.5328,0.7311
pitch,0,90,0,90.0000,2.1300,11.1500,0.5362,0.7452
yaw,0,0,0,0.0000,0.0000,0.0000,0.0008,0.0000
yaw,0,0,15,15.0000,1.5900,,0.8589,
yaw,0,0,30,30.0000,2.0400,6.0200,0.8463,0.4127
yaw,0,0,45,45.0000,2.3300,6.1900,0.8343,0.3530
yaw,0,0,60,60.0000,2.5500,6.3900,0.8312,0.3517
yaw,0,0,75,75.0000,2.7400,6.6100,0.8230,0.4695
yaw,0,0,90,90.0000,2.8800,6.8500,0.8206,0.6907
三轴对称,0,0,0,0.0000,0.0000,0.0000,0.0008,0.0000
三轴对称,15,15,15,24.7439,1.7600,6.9600,0.7393,0.6548
三轴对称,30,30,30,46.5675,2.1400,,0.7226,
三轴对称,45,45,45,64.7368,2.3400,10.7200,0.6899,0.8087
三轴对称,60,60,60,78.4771,2.4000,10.8900,0.6503,0.7432
三轴耦合,45,-30,45,76.2685,2.5700,11.4600,0.8207,0.7343
三轴耦合,50,30,-40,76.5178,2.2800,11.5100,0.8630,0.7046
三轴耦合,30,60,20,64.3814,2.2100,10.6900,0.6050,0.7368
