controller,group,scenario,cost_integral,episode_return,success,failed,settling_time_s,overshoot_deg,tail_mean_abs_error_deg,final_error_deg,final_rate_deg_s,rmse_deg,torque_effort_nm2_s,peak_torque_nm,saturation_fraction,torque_total_variation_nm,observed_duration_s
archived_PPO_original_dynamics,nominal,-60,1.5542998548765123,509.15255353140736,True,False,3.18,5.557044811543801,0.22878899630820712,-0.22878899667109598,-7.257771338725228e-10,15.10614865484358,4.202695021456801,1.5231883525848389,0.17,6.941512301564217,10.0
archived_PPO_exact_dynamics,nominal,-60,1.5842812627669782,-1.5842812627669782,True,False,3.22,6.5944276077310775,0.22878899634325003,-0.2287889964829683,-2.794363376427331e-10,15.23799249907458,4.322644228432751,1.5231883119115297,0.174,7.1147568051791445,10.0
PD_same_torque_cap,nominal,-60,1.5706620958801003,-1.5706620958801003,True,False,4.66,4.615445733100552,3.152457472069815e-05,-2.5992232086451153e-05,1.2360094013884253e-05,15.326658655713173,2.8733353356839433,1.5231883119115297,0.064,6.041077882297392,10.0
archived_PPO_original_dynamics,nominal,-30,0.30021147029102546,782.6768684345707,True,False,2.12,0.0,0.2287889959652361,-0.22878899670520086,-1.479928791197052e-09,6.4223320304310825,2.048035584133475,1.5231883525848389,0.05,6.077140271663666,10.0
archived_PPO_exact_dynamics,nominal,-30,0.3060446668905754,-0.3060446668905754,True,False,2.04,0.0,0.22878899575637823,-0.22878899626473526,-1.0167133977746759e-09,6.479738816590332,2.103090502062144,1.5231883119115297,0.06,6.0927534190094725,10.0
PD_same_torque_cap,nominal,-30,0.3115351786369188,-0.3115351786369188,True,False,4.14,2.601512159808977,1.1223758013146477e-05,-1.1170427956440303e-05,1.752418120161129e-05,6.649753485970032,1.245366996428485,1.5231883119115297,0.028,4.734383951953107,10.0
archived_PPO_original_dynamics,nominal,-10,0.027843856688906918,894.2405262809111,True,False,1.6400000000000001,0.0,0.22878899288124513,-0.22878899298004235,-1.9759474257126726e-10,1.7412154675852014,0.611699875305909,1.5231883525848389,0.016,4.396735846996307,10.0
archived_PPO_exact_dynamics,nominal,-10,0.02852141799840085,-0.02852141799840085,True,False,1.6,0.0,0.22878899550930074,-0.22878899587146034,-7.243203405117298e-10,1.7606255888165867,0.6277305668294276,1.5231883119115297,0.018,4.443266146494759,10.0
PD_same_torque_cap,nominal,-10,0.030795545382010764,-0.030795545382010764,True,False,2.92,0.8951109898886743,3.7276240126068504e-06,-3.2425889956265148e-06,6.327719752837601e-06,2.0475096289754418,0.19226851659164024,1.0471975511965976,0.0,2.675145205097088,10.0
archived_PPO_original_dynamics,nominal,10,0.02793174634093822,905.3623136386378,True,False,1.6600000000000001,0.22878899944262665,0.22878899880885145,-0.22878899944262665,-1.2675512280356776e-09,1.7134174745983404,0.6432821270946255,1.5231883525848389,0.018,4.450984258204699,10.0
archived_PPO_exact_dynamics,nominal,10,0.028667178682142955,-0.028667178682142955,True,False,1.6,0.22878900011573108,0.22878899957741972,-0.22878900011573108,-1.0766225256686729e-09,1.7346965530324585,0.6608846694065116,1.5231883119115297,0.018,4.4982131092387565,10.0
PD_same_torque_cap,nominal,10,0.030795545382010764,-0.030795545382010764,True,False,2.92,0.8951109898886743,3.7276240126068504e-06,3.2425889956265148e-06,-6.327719752837601e-06,2.0475096289754418,0.19226851659164024,1.0471975511965976,0.0,2.675145205097088,10.0
archived_PPO_original_dynamics,nominal,30,0.3002690195011015,793.6432118845655,True,False,2.14,0.22878900197412072,0.22878900097046065,-0.22878900197412072,-2.007320814659964e-09,6.407497781062032,2.080063578979519,1.5231883525848389,0.054,6.0927535481750965,10.0
archived_PPO_exact_dynamics,nominal,30,0.3062598520869214,-0.3062598520869214,True,False,2.04,0.22878900149146092,0.22878900064830823,-0.22878900149146092,-1.6863059445858364e-09,6.466030615455777,2.1384290461734907,1.5231883119115297,0.064,6.092753359404828,10.0
PD_same_torque_cap,nominal,30,0.3115351786369188,-0.3115351786369188,True,False,4.14,2.601512159808977,1.1223758013146477e-05,1.1170427956440303e-05,-1.752418120161129e-05,6.649753485970032,1.245366996428485,1.5231883119115297,0.028,4.734383951953107,10.0
archived_PPO_original_dynamics,nominal,60,1.558924120480836,489.1191734469176,True,False,3.2,6.228569300841225,0.2287889932802545,-0.22878899372512715,-8.897442693660115e-10,15.117413132334772,4.23993442885028,1.5231883525848389,0.17,6.970770809799433,10.0
archived_PPO_exact_dynamics,nominal,60,1.5895907731694952,-1.5895907731694952,True,False,3.22,7.255232878813586,0.2287889940057004,-0.22878899407401773,-1.3663360693589737e-10,15.252962282443914,4.357394958000551,1.5231883119115297,0.176,7.143199925599124,10.0
PD_same_torque_cap,nominal,60,1.5706620958801003,-1.5706620958801003,True,False,4.66,4.615445733100552,3.152457472069815e-05,2.5992232086451153e-05,-1.2360094013884253e-05,15.326658655713173,2.8733353356839433,1.5231883119115297,0.064,6.041077882297392,10.0
