类型,roll(°),pitch(°),yaw(°),初始总指向误差(°),纠正时间(s),全程平均误差(°),稳态平均误差(°)
roll,0,0,0,0.0000,0.0000,0.0008,0.0008
roll,15,0,0,15.0000,1.2200,5.1020,0.6649
roll,30,0,0,30.0000,1.6200,10.0241,0.6569
roll,45,0,0,45.0000,1.8800,15.2964,0.6503
roll,60,0,0,60.0000,2.0300,20.9685,0.6393
roll,75,0,0,75.0000,1.8200,30.6679,0.6460
roll,90,0,0,90.0000,2.6900,31.6078,0.9273
pitch,0,0,0,0.0000,0.0000,0.0008,0.0008
pitch,0,15,0,15.0000,1.2200,4.7832,0.5489
pitch,0,30,0,30.0000,1.6400,9.2500,0.5522
pitch,0,45,0,45.0000,1.9000,13.9632,0.5598
pitch,0,60,0,60.0000,2.1000,18.9050,0.5510
pitch,0,75,0,75.0000,2.2000,24.3191,0.5326
pitch,0,90,0,90.0000,2.1300,31.5512,0.5362
yaw,0,0,0,0.0000,0.0000,0.0008,0.0008
yaw,0,0,15,15.0000,1.5900,5.0087,0.8590
yaw,0,0,30,30.0000,2.0400,9.0664,0.8417
yaw,0,0,45,45.0000,2.3300,13.2805,0.8349
yaw,0,0,60,60.0000,2.5500,17.6456,0.8320
yaw,0,0,75,75.0000,2.7300,22.1398,0.8287
yaw,0,0,90,90.0000,2.8800,26.6788,0.8201
三轴对称,0,0,0,0.0000,0.0000,0.0008,0.0008
三轴对称,15,15,15,24.7439,1.7600,7.2964,0.7386
三轴对称,30,30,30,46.5675,2.1400,13.1927,0.7225
三轴对称,45,45,45,64.7368,2.3400,18.7723,0.6901
三轴对称,60,60,60,78.4771,2.4000,23.9208,0.6505
三轴耦合,45,-30,45,76.2685,2.5700,22.0720,0.8204
三轴耦合,50,30,-40,76.5178,2.2800,23.5480,0.8618
三轴耦合,30,60,20,64.3814,2.2100,19.7862,0.6058
