#{"t_start": 1791207620.6979127, "env_id": "None"}
r,l,t
-675.613514,192,11.576842
-2461.343032,499,15.421801
-1260.629488,500,18.272719
-644.272822,201,20.001623
-1370.758484,499,23.309159
-1020.268019,338,25.691159
-636.445959,500,28.266554
-1585.926118,500,32.181336
-2598.678158,500,35.284688
-688.294248,500,39.196336
-909.703319,500,45.218861
-2046.92327,500,63.027737
-1720.141475,411,66.599236
-362.005306,500,71.97248
-1009.195685,278,74.591474
-1212.747323,284,76.456816
-743.762838,500,78.790802
-429.866062,500,81.053401
-504.517842,500,83.049714
-1407.178518,500,85.086388
-178.733169,500,88.103887
-139.539524,500,89.426828
-718.659654,500,95.672702
-757.783919,500,98.212455
-345.169454,500,99.600266
-1041.231067,500,101.205413
-580.458437,500,103.694816
-725.274171,500,104.846421
-392.043871,500,106.00505
-248.875959,500,107.606951
-206.036979,500,110.128248
-196.335874,500,113.018912
-490.886565,500,119.924495
-121.332665,500,121.51611
-80.337413,500,123.337715
-123.440387,500,126.526068
-100.943996,500,128.078853
-107.578801,500,131.228073
-66.948568,500,133.484141
-87.734159,500,136.418649
-88.622135,500,139.471364
-85.421231,500,142.356812
-53.968981,500,150.889727
-61.120974,500,153.595009
-114.60679,500,155.215364
-101.290256,500,158.320745
-68.09751,500,160.234558
-64.646887,500,162.906098
-67.191987,500,164.553394
-77.888945,500,166.490935
-49.969335,500,170.439674
-52.813615,500,174.869449
-41.476778,500,181.208592
-103.156526,500,182.713605
-52.095155,500,185.361768
-78.33988,500,187.168939
-30.251087,500,188.935681
-64.908547,500,191.088558
-89.628842,500,192.491967
-67.352753,500,194.004615
-57.969683,500,196.254743
-45.469935,500,197.579839
-67.837703,500,204.804833
26.64273,500,206.951262
-25.520376,500,208.229314
5.901891,500,210.586592
-30.247465,500,212.6115
-55.395677,500,213.903806
-23.588298,500,217.708637
-59.963617,500,220.721815
12.685038,500,223.343141
-10.12321,500,225.098225
-60.519824,500,232.906442
2.170381,500,234.985563
-25.999239,500,238.11937
3.040456,500,239.839929
-49.156865,500,242.464949
1.174238,500,245.069425
0.145614,500,249.103701
28.398959,500,253.850727
-8.468192,500,257.708443
-19.231993,500,261.806267
-5.997228,500,285.104161
-74.312888,500,289.260261
-26.464342,500,293.283798
-71.445568,500,296.67217
9.182456,500,301.110216
17.518875,500,305.16022
-27.988488,500,308.255239
-24.757105,500,312.438351
-65.134672,500,316.392006
-10.229927,500,319.154097
-8.615539,500,329.818951
-2.403901,500,333.780553
47.992881,500,337.691275
-8.487473,500,340.543525
-0.540479,500,343.846772
43.784591,500,346.93297
11.752738,500,350.726612
-7.941232,500,354.677392
-0.731813,500,357.308521
-36.058624,500,360.658494
