干扰幅值(N·m),姿态,roll(°),pitch(°),yaw(°),初始总误差(°),RL纠正时间(s),PID纠正时间(s),RL残差(°),PID残差(°)
0.0,roll 0°,0,0,0,0.0000,0.0000,0.0000,0.5100,0.0000
0.0,roll 15°,15,0,0,15.0000,1.2200,7.0400,0.5100,0.0407
0.0,roll 30°,30,0,0,30.0000,1.6200,10.8500,0.5100,0.0838
0.0,roll 45°,45,0,0,45.0000,1.8800,11.1900,0.5100,0.1314
0.0,roll 60°,60,0,0,60.0000,2.0300,11.4800,0.5100,0.2137
0.0,roll 75°,75,0,0,75.0000,1.8200,15.1500,0.5100,0.3431
0.0,roll 90°,90,0,0,90.0000,2.6900,15.6400,0.5100,0.4423
0.0,pitch 0°,0,0,0,0.0000,0.0000,0.0000,0.5100,0.0000
0.0,pitch 15°,0,15,0,15.0000,1.2200,6.3800,0.5100,0.0326
0.0,pitch 30°,0,30,0,30.0000,1.6400,6.6800,0.5100,0.0685
0.0,pitch 45°,0,45,0,45.0000,1.9000,10.1300,0.5100,0.1098
0.0,pitch 60°,0,60,0,60.0000,2.1000,10.5100,0.5100,0.1875
0.0,pitch 75°,0,75,0,75.0000,2.2000,10.8500,0.5100,0.2984
0.0,pitch 90°,0,90,0,90.0000,2.1300,14.1900,0.5100,0.3946
0.0,yaw 0°,0,0,0,0.0000,0.0000,0.0000,0.5100,0.0000
0.0,yaw 15°,0,0,15,15.0000,1.5900,5.5900,0.5100,0.0382
0.0,yaw 30°,0,0,30,30.0000,2.0400,6.0200,0.5100,0.0799
0.0,yaw 45°,0,0,45,45.0000,2.3300,8.7100,0.5100,0.1260
0.0,yaw 60°,0,0,60,60.0000,2.5500,9.4700,0.5100,0.2028
0.0,yaw 75°,0,0,75,75.0000,2.7400,9.9900,0.5100,0.3077
0.0,yaw 90°,0,0,90,90.0000,2.8800,12.9400,0.5100,0.4322
0.0,三轴对称 0°,0,0,0,0.0000,0.0000,0.0000,0.5100,0.0000
0.0,三轴对称 15°,15,15,15,24.7439,1.7600,6.9600,0.5100,0.0657
0.0,三轴对称 30°,30,30,30,46.5675,2.1400,10.4100,0.5100,0.1294
0.0,三轴对称 45°,45,45,45,64.7368,2.3400,10.7200,0.5100,0.1980
0.0,三轴对称 60°,60,60,60,78.4771,2.4000,10.8900,0.5100,0.2965
0.0,三轴耦合 A,45,-30,45,76.2685,2.5700,11.4600,0.5100,0.3064
0.0,三轴耦合 B,50,30,-40,76.5178,2.2800,11.5100,0.5100,0.3126
0.0,三轴耦合 C,30,60,20,64.3814,2.2100,10.6900,0.5100,0.2111
0.02,roll 0°,0,0,0,0.0000,0.0000,11.9700,0.5105,0.7548
0.02,roll 15°,15,0,0,15.0000,1.2400,19.5000,0.5105,0.7747
0.02,roll 30°,30,0,0,30.0000,1.6300,19.6300,0.5105,0.7971
0.02,roll 45°,45,0,0,45.0000,1.8900,19.7100,0.5105,0.8224
0.02,roll 60°,60,0,0,60.0000,2.0500,19.8100,0.5105,0.8561
0.02,roll 75°,75,0,0,75.0000,1.9000,19.9200,0.5105,0.9041
0.02,roll 90°,90,0,0,90.0000,2.6100,,0.5105,0.9700
0.02,pitch 0°,0,0,0,0.0000,0.0000,11.9700,0.5105,0.7548
0.02,pitch 15°,0,15,0,15.0000,1.2300,11.9700,0.5105,0.7544
0.02,pitch 30°,0,30,0,30.0000,1.6500,13.9800,0.5105,0.7552
0.02,pitch 45°,0,45,0,45.0000,1.9100,17.1000,0.5105,0.7576
0.02,pitch 60°,0,60,0,60.0000,2.1100,17.2400,0.5105,0.7645
0.02,pitch 75°,0,75,0,75.0000,2.2100,19.6700,0.5105,0.7859
0.02,pitch 90°,0,90,0,90.0000,2.1600,19.8000,0.5105,0.8168
0.02,yaw 0°,0,0,0,0.0000,0.0000,11.9700,0.5105,0.7548
0.02,yaw 15°,0,0,15,15.0000,1.6000,12.0600,0.5105,0.7616
0.02,yaw 30°,0,0,30,30.0000,2.0500,19.5300,0.5105,0.7704
0.02,yaw 45°,0,0,45,45.0000,2.3300,19.6300,0.5105,0.7818
0.02,yaw 60°,0,0,60,60.0000,2.5500,19.7400,0.5105,0.8039
0.02,yaw 75°,0,0,75,75.0000,2.7300,19.8400,0.5105,0.8413
0.02,yaw 90°,0,0,90,90.0000,2.8800,19.9300,0.5105,0.8977
0.02,三轴对称 0°,0,0,0,0.0000,0.0000,11.9700,0.5105,0.7548
0.02,三轴对称 15°,15,15,15,24.7439,1.7800,19.5900,0.5105,0.7772
0.02,三轴对称 30°,30,30,30,46.5675,2.1500,19.7200,0.5105,0.7948
0.02,三轴对称 45°,45,45,45,64.7368,2.3500,19.7900,0.5105,0.8033
0.02,三轴对称 60°,60,60,60,78.4771,2.4000,19.8500,0.5105,0.8130
0.02,三轴耦合 A,45,-30,45,76.2685,2.5700,19.8300,0.5105,0.8936
0.02,三轴耦合 B,50,30,-40,76.5178,2.2700,19.7700,0.5105,0.8454
0.02,三轴耦合 C,30,60,20,64.3814,2.2200,19.7100,0.5105,0.7928
0.05,roll 0°,0,0,0,0.0000,0.0000,,0.5139,1.8862
0.05,roll 15°,15,0,0,15.0000,1.2500,,0.5139,1.9049
0.05,roll 30°,30,0,0,30.0000,1.6500,,0.5139,1.9247
0.05,roll 45°,45,0,0,45.0000,1.9100,,0.5139,1.9457
0.05,roll 60°,60,0,0,60.0000,2.0800,,0.5139,1.9684
0.05,roll 75°,75,0,0,75.0000,2.0000,,0.5139,1.9943
0.05,roll 90°,90,0,0,90.0000,2.4400,,0.5139,2.0323
0.05,pitch 0°,0,0,0,0.0000,0.0000,,0.5139,1.8862
0.05,pitch 15°,0,15,0,15.0000,1.2400,,0.5139,1.8849
0.05,pitch 30°,0,30,0,30.0000,1.6600,,0.5139,1.8838
0.05,pitch 45°,0,45,0,45.0000,1.9300,,0.5139,1.8828
0.05,pitch 60°,0,60,0,60.0000,2.1200,,0.5139,1.8799
0.05,pitch 75°,0,75,0,75.0000,2.2300,,0.5139,1.8792
0.05,pitch 90°,0,90,0,90.0000,2.1900,,0.5139,1.8817
0.05,yaw 0°,0,0,0,0.0000,0.0000,,0.5139,1.8862
0.05,yaw 15°,0,0,15,15.0000,1.6300,,0.5139,1.8925
0.05,yaw 30°,0,0,30,30.0000,2.0600,,0.5139,1.8999
0.05,yaw 45°,0,0,45,45.0000,2.3400,,0.5139,1.9086
0.05,yaw 60°,0,0,60,60.0000,2.5500,,0.5139,1.9244
0.05,yaw 75°,0,0,75,75.0000,2.7300,,0.5139,1.9486
0.05,yaw 90°,0,0,90,90.0000,2.8700,,0.5139,1.9828
0.05,三轴对称 0°,0,0,0,0.0000,0.0000,,0.5139,1.8862
0.05,三轴对称 15°,15,15,15,24.7439,1.8000,,0.5139,1.9063
0.05,三轴对称 30°,30,30,30,46.5675,2.1700,,0.5139,1.9189
0.05,三轴对称 45°,45,45,45,64.7368,2.3600,,0.5139,1.9172
0.05,三轴对称 60°,60,60,60,78.4771,2.4200,,0.5139,1.9040
0.05,三轴耦合 A,45,-30,45,76.2685,2.5800,,0.5139,2.0057
0.05,三轴耦合 B,50,30,-40,76.5178,2.2700,,0.5139,1.9368
0.05,三轴耦合 C,30,60,20,64.3814,2.2400,,0.5139,1.9033
0.1,roll 0°,0,0,0,0.0000,0.0000,,0.5259,3.7693
0.1,roll 15°,15,0,0,15.0000,1.2900,,0.5259,3.7869
0.1,roll 30°,30,0,0,30.0000,1.6900,,0.5259,3.8049
0.1,roll 45°,45,0,0,45.0000,1.9500,,0.5259,3.8235
0.1,roll 60°,60,0,0,60.0000,2.1200,,0.5259,3.8406
0.1,roll 75°,75,0,0,75.0000,2.1300,,0.5259,3.8554
0.1,roll 90°,90,0,0,90.0000,1.7500,,0.5259,3.8767
0.1,pitch 0°,0,0,0,0.0000,0.0000,,0.5259,3.7693
0.1,pitch 15°,0,15,0,15.0000,1.2700,,0.5259,3.7670
0.1,pitch 30°,0,30,0,30.0000,1.6900,,0.5259,3.7645
0.1,pitch 45°,0,45,0,45.0000,1.9500,,0.5259,3.7616
0.1,pitch 60°,0,60,0,60.0000,2.1400,,0.5259,3.7540
0.1,pitch 75°,0,75,0,75.0000,2.2500,,0.5259,3.7438
0.1,pitch 90°,0,90,0,90.0000,2.2400,,0.5259,3.7344
0.1,yaw 0°,0,0,0,0.0000,0.0000,,0.5259,3.7693
0.1,yaw 15°,0,0,15,15.0000,1.6700,,0.5259,3.7751
0.1,yaw 30°,0,0,30,30.0000,2.0900,,0.5259,3.7817
0.1,yaw 45°,0,0,45,45.0000,2.3600,,0.5259,3.7892
0.1,yaw 60°,0,0,60,60.0000,2.5600,,0.5259,3.8021
0.1,yaw 75°,0,0,75,75.0000,2.7200,,0.5259,3.8210
0.1,yaw 90°,0,0,90,90.0000,2.8600,,0.5259,3.8465
0.1,三轴对称 0°,0,0,0,0.0000,0.0000,,0.5259,3.7693
0.1,三轴对称 15°,15,15,15,24.7439,1.8500,,0.5259,3.7869
0.1,三轴对称 30°,30,30,30,46.5675,2.2000,,0.5259,3.7963
0.1,三轴对称 45°,45,45,45,64.7368,2.3700,,0.5259,3.7892
0.1,三轴对称 60°,60,60,60,78.4771,2.4300,,0.5259,3.7661
0.1,三轴耦合 A,45,-30,45,76.2685,2.5800,,0.5259,3.8803
0.1,三轴耦合 B,50,30,-40,76.5178,2.2600,,0.5259,3.8010
0.1,三轴耦合 C,30,60,20,64.3814,2.2600,,0.5259,3.7742
