controller,group,scenario,success,failed,settling_time_s,overshoot_deg,tail_mean_abs_error_deg,final_error_deg,final_rate_deg_s,rmse_deg,torque_effort_nm2_s,peak_torque_nm,saturation_fraction,torque_total_variation_nm,observed_duration_s,cost_integral,episode_return
PD,nominal,nominal_0,True,False,4.62,4.901782722765994,2.8678511383596e-05,-2.6498577005689796e-05,2.0623085286417213e-05,15.174925650352101,3.8535342751167656,2.0,0.054,7.179277845196206,10.0,1.5459418492368253,-1.5459418492368253
PID,nominal,nominal_0,True,False,4.62,5.189960618963915,0.20990750195435565,0.20811486896485445,-0.0034798372183066826,15.181263031845967,3.855845232138999,2.0,0.054,7.175195854104348,10.0,1.547953383996623,-1.547953383996623
PPO,nominal,nominal_0,False,False,,0.0,10.971313132462761,-10.918945462881654,0.08462048805235954,24.15401491875782,0.8242641382012493,2.0,0.012,4.360408045351505,10.0,3.639307722966246,-3.639307722966246
PD+PPO,nominal,nominal_0,False,False,,0.0,4.774649553166563,-4.774672394343072,2.2085534653646652e-05,15.812200158981526,3.5120704470928703,2.0,0.05,6.97145627318336,10.0,1.6503338547212543,-1.6503338547212543
PD,nominal,nominal_1,True,False,4.1,2.6598777728648604,1.1147235555810279e-05,-1.0477646223575092e-05,1.8550287771937437e-05,6.411839992270003,1.5002629687008386,2.0,0.018,5.725453589834266,10.0,0.2899964684226696,-0.2899964684226696
PID,nominal,nominal_1,True,False,4.12,2.8718233325450937,0.15807897368223678,0.156751671171208,-0.0026154274313809848,6.417124993877477,1.503971036340157,2.0,0.018,5.725408360087394,10.0,0.29078834355691063,-0.29078834355691063
PPO,nominal,nominal_1,False,False,,0.0,10.850549450455624,-10.830964992442876,0.03164625918535417,15.177932838405978,0.12161291902442012,1.3730098009109497,0.0,2.887415401637554,10.0,1.4361178559478058,-1.4361178559478058
PD+PPO,nominal,nominal_1,False,False,,0.0,4.774656558613819,-4.774656794852881,1.584464353540169e-05,7.951596593971502,1.1605359804645718,2.0,0.012,5.460965968859407,10.0,0.41648764070393396,-0.41648764070393396
PD,nominal,nominal_2,True,False,2.96,0.8995723754340128,3.7654896883338107e-06,-3.507540089433997e-06,6.290940266508286e-06,2.151288042635322,0.246251682092548,1.1828090820903,0.0,2.9492758660095117,10.0,0.033127438666834715,-0.033127438666834715
PID,nominal,nominal_2,True,False,2.98,1.0025999333542595,0.07850082817768167,0.07784222337773328,-0.001301721735723499,2.1530575282015585,0.24767807584559823,1.1831581479406987,0.0,2.9517213298371288,10.0,0.0332457420010754,-0.0332457420010754
PPO,nominal,nominal_2,False,False,,0.0,10.777196121842822,-10.777524788392112,-0.0005310724162796871,10.710752877030476,0.005221517115565848,0.2724907100200653,0.0,0.5449758134782314,10.0,0.7172384668498909,-0.7172384668498909
PD+PPO,nominal,nominal_2,False,False,,0.0,4.774649826913529,-4.774650252074745,3.26967662914656e-06,5.202610104330619,0.08317978864413393,0.6828090820902999,0.0,1.6741785498163368,10.0,0.16984324241346932,-0.16984324241346932
PD,nominal,nominal_3,True,False,3.0,0.9156057494807116,3.9070513362057095e-06,3.836978496146542e-06,-6.245208900761097e-06,2.2846610438134136,0.32782811800446626,1.3514275468320678,0.0,3.2968737549855223,10.0,0.037420199309052486,-0.037420199309052486
PID,nominal,nominal_3,True,False,3.02,1.028031422169542,0.08608301761196346,-0.08536014613779525,0.0014281802180884447,2.286246573071908,0.32964661940899825,1.3517766126824666,0.0,3.299723251742139,10.0,0.03754626863935769,-0.03754626863935769
PPO,nominal,nominal_3,False,False,,10.719139183561511,10.69705445396854,-10.719139183561511,-0.03568642735242149,8.786389657647783,0.28334461334394023,2.0,0.002,4.1546886675059795,10.0,0.48853482707084617,-0.48853482707084617
PD+PPO,nominal,nominal_3,False,False,,5.937092691198452,4.774645188551155,-4.774643127997342,-7.651096342316354e-06,5.024051135960003,0.5899211594345515,1.8514275468320678,0.0,4.457073551676646,10.0,0.16851442625148147,-0.16851442625148147
PD,nominal,nominal_4,True,False,4.18,2.683789677305344,1.171960009196254e-05,1.1789409711223805e-05,-1.7809373766922094e-05,6.92008525118838,1.7812490830203807,2.0,0.024,5.740676415727786,10.0,0.3345373005342058,-0.3345373005342058
PID,nominal,nominal_4,True,False,4.18,2.90045723813959,0.16237890066177563,-0.16101207802984252,0.002688168454071096,6.925089561970946,1.7852601774051022,2.0,0.024,5.74131752009738,10.0,0.3353536317753017,-0.3353536317753017
PPO,nominal,nominal_4,False,False,,10.661652748516165,10.618146794800756,-10.661652748516165,-0.07030040973545405,11.371819722735642,0.7271901700614282,2.0,0.01,4.302957151085138,10.0,0.8207105344695517,-0.8207105344695517
PD+PPO,nominal,nominal_4,False,False,,6.08760990517876,4.7746596269675186,-4.774640998359415,5.379707247248029e-06,8.229651618075964,1.7174993500345554,2.0,0.03,5.324246590486038,10.0,0.459385752485197,-0.459385752485197
PD,nominal,nominal_5,True,False,4.58,4.891478670998012,2.681989393614236e-05,2.5779750035586097e-05,-2.343604425302579e-05,14.78209197487544,3.7240105708587685,2.0,0.052,7.173442851438774,10.0,1.4710325704909395,-1.4710325704909395
PID,nominal,nominal_5,True,False,4.6000000000000005,5.172008012008152,0.20243398210522684,-0.20070834579408148,0.003352034900085008,14.788439879517314,3.72569122025004,2.0,0.052,7.168462608843638,10.0,1.472977866856791,-1.472977866856791
PPO,nominal,nominal_5,False,False,,10.57764801818798,10.50283889978019,-10.57764801818798,-0.12088221246757491,19.124075541262744,1.1094091340757666,2.0,0.018,4.518473289906979,10.0,2.3051106431440678,-2.3051106431440678
PD+PPO,nominal,nominal_5,False,False,,6.191322279062601,4.774682401409279,-4.774645847536217,3.3013576076826864e-05,15.512678487767033,3.0989160397604865,2.0,0.048,6.747902755129063,10.0,1.5929329930990934,-1.5929329930990934
PD,low_inertia,low_inertia_0,True,False,2.56,0.19131440754664486,1.6414172678764797e-11,4.8367821991183135e-12,-1.7178226142796114e-11,12.749185370869748,1.8905833380163026,2.0,0.03,6.024018569903296,10.0,1.1174630551018907,-1.1174630551018907
PID,low_inertia,low_inertia_0,True,False,2.56,0.5230296075492342,0.2972547185997644,0.2947639415514294,-0.004953410470496439,12.745730037976678,1.8901506181300087,2.0,0.03,6.01642844004492,10.0,1.1177768510291832,-1.1177768510291832
PPO,low_inertia,low_inertia_0,False,False,,0.0,11.018528538007489,-10.956593211941357,0.10133055943072355,23.573401258292673,0.3756002923714932,2.0,0.006,4.203550238162279,10.0,3.463384522174049,-3.463384522174049
PD+PPO,low_inertia,low_inertia_0,False,False,,0.0,4.774648292741677,-4.774648292752668,-1.5154487733870568e-11,13.743928224764893,1.7190144761680202,2.0,0.028,5.883070378457868,10.0,1.262545067888645,-1.262545067888645
PD,low_inertia,low_inertia_1,True,False,1.7,0.10186445588229104,7.438114080249598e-12,1.3339752076689585e-12,-5.543092678668215e-12,5.3717628569797675,0.6078418072827669,2.0,0.006,5.07805224658402,10.0,0.2092997866471562,-0.2092997866471562
PID,low_inertia,low_inertia_1,True,False,1.72,0.31083660650228895,0.18611604591444658,0.18455652962555905,-0.0031014113868031512,5.3682150771514525,0.6087093775267348,2.0,0.006,5.074860793891769,10.0,0.2093874515355993,-0.2093874515355993
PPO,low_inertia,low_inertia_1,False,False,,0.0,10.867263581282488,-10.844344295037342,0.03749742688503421,14.943156402538971,0.0037869097357852433,0.2501673400402069,0.0,0.5832705646753311,10.0,1.3912720856788428,-1.3912720856788428
PD+PPO,low_inertia,low_inertia_1,False,False,,0.0,4.774648292750705,-4.774648292755796,-4.4851706998806674e-12,7.347237083347995,0.43818069231095047,2.0,0.002,4.911181517914787,10.0,0.35527093611794125,-0.35527093611794125
PD,low_inertia,low_inertia_2,True,False,1.58,0.03411319345224476,2.4528835861005615e-12,4.286800025030836e-13,-1.798622442166587e-12,1.7708285355769404,0.07511677645544909,0.9049139778172062,0.0,2.1707148003380143,10.0,0.02289234301280417,-0.02289234301280417
PID,low_inertia,low_inertia_2,True,False,1.58,0.11230550992036328,0.06951662670022284,0.06893412823204484,-0.0011584152054598647,1.7692134268859798,0.07534400837571185,0.905263043667605,0.0,2.1707377702606636,10.0,0.022900557285829192,-0.022900557285829192
PPO,low_inertia,low_inertia_2,False,False,,0.0,10.773680660604224,-10.774899705662738,-0.0019943567963815003,10.601523003253464,0.005596536413047211,0.39412009716033936,0.0,0.7920445203781128,10.0,0.7026537961155099,-0.7026537961155099
PD+PPO,low_inertia,low_inertia_2,False,False,,0.0,4.774648292755617,-4.774648292756656,-8.766508943074187e-13,5.088311866550737,0.015614709469923493,0.40491397781720617,0.0,1.0002023010040402,10.0,0.16211039853773312,-0.16211039853773312
PD,low_inertia,low_inertia_3,True,False,1.6,0.03401509051467327,2.540573937137625e-12,-4.742893124118275e-13,1.9420469181045053e-12,1.8350486930158594,0.10217782289721063,1.0630664648769412,0.0,2.4860530433820203,10.0,0.024467162543892848,-0.024467162543892848
PID,low_inertia,low_inertia_3,True,False,1.6,0.11610506690819453,0.0729625773669488,-0.0723512043535856,0.0012158380385622787,1.8332682518029009,0.10248688754425078,1.06341553072734,0.0,2.486179659682017,10.0,0.024473861824347812,-0.024473861824347812
PPO,low_inertia,low_inertia_3,False,False,,10.704680149080101,10.679053204081962,-10.704680149080101,-0.04192725282335993,8.690290589550147,0.07395506358345914,1.4447829723358154,0.0,2.976577438414097,10.0,0.47683758111949276,-0.47683758111949276
PD+PPO,low_inertia,low_inertia_3,False,False,,4.811501400844446,4.77464829276002,-4.77464829275777,3.2520260640966956e-12,4.78916175454919,0.20849944789868244,1.5630664648769412,0.0,3.550177415375684,10.0,0.15173546708018723,-0.15173546708018723
PD,low_inertia,low_inertia_4,True,False,1.76,0.10163365833258105,8.098631696009123e-12,-1.7285414628728012e-12,6.756720721910867e-12,5.880862102183092,0.8666997160743917,2.0,0.012,5.075819843187054,10.0,0.24640138512248513,-0.24640138512248513
PID,low_inertia,low_inertia_4,True,False,1.78,0.31255631984934545,0.18798637633432919,-0.18641118804513646,0.0031325783087247697,5.877520582671095,0.8676559624892753,2.0,0.012,5.072578991385908,10.0,0.24648642848110916,-0.24648642848110916
PPO,low_inertia,low_inertia_4,False,False,,10.630730481745013,10.579398747870844,-10.630730481745013,-0.0839816510028736,10.865786022036275,0.3414230576239253,2.0,0.004,4.17097695171833,10.0,0.7481250299358202,-0.7481250299358202
PD+PPO,low_inertia,low_inertia_4,False,False,,4.811754419814491,4.774648292744062,-4.774648292760842,6.8631420475086965e-12,7.376589302967237,0.8330244280563052,2.0,0.016,4.813819136405158,10.0,0.3712880772773689,-0.3712880772773689
PD,low_inertia,low_inertia_5,True,False,2.52,0.19125549476626771,1.622641486385838e-11,-4.314533635133014e-12,1.576178993957562e-11,12.291866132014881,1.762691093889813,2.0,0.028,6.0240629051515855,10.0,1.0450338231430518,-1.0450338231430518
PID,low_inertia,low_inertia_5,True,False,2.54,0.5131381175172567,0.2883728656102526,-0.28595651199025285,0.004805404531207859,12.288565109410962,1.761863714971463,2.0,0.028,6.0157519704641285,10.0,1.0453471023407925,-1.0453471023407925
PPO,low_inertia,low_inertia_5,False,False,,10.525813730697896,10.43801257493774,-10.525813730697896,-0.14364720274121412,17.98631541422258,0.4527087856773024,2.0,0.008,4.294508811086416,10.0,2.0376129083017642,-2.0376129083017642
PD+PPO,low_inertia,low_inertia_5,False,False,,4.811765563286398,4.774648292676091,-4.774648292761254,-1.0862603757931626e-11,13.246648556589848,1.5174318807851896,2.0,0.024,5.920983910904331,10.0,1.1851409147139547,-1.1851409147139547
PD,high_inertia,high_inertia_0,True,False,6.78,8.965959186204934,0.0057680824186862115,0.003178477521718815,-0.007657602037752427,16.66662666237479,5.657822526629849,2.0,0.072,8.147887461537746,10.0,1.8480061099142466,-1.8480061099142466
PID,high_inertia,high_inertia_0,True,False,6.84,9.240607020077263,0.14068349188970034,0.13697508785096066,-0.010367437631413276,16.679391770437874,5.667612915671412,2.0,0.072,8.153110164712778,10.0,1.8515032210908897,-1.8515032210908897
PPO,high_inertia,high_inertia_0,False,False,,0.0,10.919558775819008,-10.878775887254804,0.06483120183540984,24.404312107784765,1.1259804048261228,2.0,0.016,4.490786366164684,10.0,3.7168461430186777,-3.7168461430186777
PD+PPO,high_inertia,high_inertia_0,False,False,,3.6238490282619327,4.76933681794353,-4.771965712158958,-0.007061568460542043,17.088922765947924,5.147804450421425,2.0,0.066,7.885375473514309,10.0,1.9181915955680717,-1.9181915955680717
PD,high_inertia,high_inertia_1,True,False,5.14,4.95149334852666,0.0024061621334722787,0.0005201126779049825,-0.0032278593392898874,6.971283394505541,2.1790780127923792,2.0,0.024,6.2908038251780605,10.0,0.3400987861779967,-0.3400987861779967
PID,high_inertia,high_inertia_1,True,False,5.16,5.180595608728314,0.13572622468280238,0.13261782526874746,-0.005753375886918158,6.984463227333477,2.187925019698,2.0,0.024,6.298298688605818,10.0,0.34168022874890897,-0.34168022874890897
PPO,high_inertia,high_inertia_1,False,False,,0.0,10.830114128839387,-10.81517431192697,0.02374925602380762,15.174763802107352,0.14167287785106983,1.2294304370880127,0.0,2.6522287875413895,10.0,1.4356043669988592,-1.4356043669988592
PD+PPO,high_inertia,high_inertia_1,False,False,,0.0,4.7726987581379205,-4.77429327893112,-0.002618053698796524,8.244656045718678,1.668761389748961,2.0,0.014,5.943229064366849,10.0,0.44870924188040784,-0.44870924188040784
PD,high_inertia,high_inertia_2,True,False,4.74,1.674790842457322,0.0007973218234567459,0.00016005462908224538,-0.00107011566068606,2.3217384310972595,0.3267585603736184,1.1195462720650802,0.0,3.013927699906932,10.0,0.03827602056379249,-0.03827602056379249
PID,high_inertia,high_inertia_2,True,False,4.76,1.7948837580812682,0.07800269607223508,0.07667946589469425,-0.0024636305215107153,2.327751218160647,0.32961641666478364,1.119895337915479,0.0,3.0199270940188807,10.0,0.038539521368662226,-0.038539521368662226
PPO,high_inertia,high_inertia_2,False,False,,0.0,10.77737596105272,-10.777673806712222,-0.0004734856000419195,10.697299330130225,0.0016804197394055906,0.12067805975675583,0.0,0.24229812249541283,10.0,0.7154055443314774,-0.7154055443314774
PD+PPO,high_inertia,high_inertia_2,False,False,,0.0,4.774212911464597,-4.774548195769837,-0.0005838139977630198,5.212902776743988,0.1007851913579392,0.6195462720650802,0.0,1.6461938959339244,10.0,0.17057665236091304,-0.17057665236091304
PD,high_inertia,high_inertia_3,True,False,4.48,1.9339895494304495,0.0005016129141710766,0.00011755113975308957,0.0006546056627932489,1.799761810655858,0.14434895894658709,0.5370452972890017,0.0,1.9688517159862964,10.0,0.024758604446742716,-0.024758604446742716
PID,high_inertia,high_inertia_3,True,False,4.5200000000000005,2.004492993537925,0.03798099329591407,-0.03701592195634124,0.0013684878001464212,1.8061794607667652,0.14508633211298003,0.5373943631394006,0.0,1.9712512176021628,10.0,0.02495175455829495,-0.02495175455829495
PPO,high_inertia,high_inertia_3,False,False,,10.743859730837254,10.729822097155834,-10.743859730837254,-0.02231504957017831,8.935365270150674,0.0213200550572219,0.19167283177375793,0.0,0.619325052946806,10.0,0.5039873826241512,-0.5039873826241512
PD+PPO,high_inertia,high_inertia_3,False,False,,7.1762576504413715,4.7754817884463066,-4.77463568794028,0.0011261419675985377,5.074527478553724,0.3277670068749797,1.0370452972890019,0.0,3.185180463992114,10.0,0.17107396715753234,-0.17107396715753234
PD,high_inertia,high_inertia_4,True,False,5.14,4.951619922362678,0.002383604988873401,-0.000497899443586906,0.0031983193893901493,6.927758407380537,2.1523008496118106,2.0,0.022,6.290963342264896,10.0,0.3361898951995223,-0.3361898951995223
PID,high_inertia,high_inertia_4,True,False,5.16,5.188379899603519,0.14101045912030746,-0.13785609235549715,0.0058125864406211635,6.941342760494548,2.1618328651450183,2.0,0.022,6.299143695626891,10.0,0.33781693562452453,-0.33781693562452453
PPO,high_inertia,high_inertia_4,False,False,,10.700145364585767,10.668344985812782,-10.700145364585767,-0.05055166345740565,11.331715704930241,0.5974690170674979,2.0,0.002,4.409880980849266,10.0,0.8140586920639561,-0.8140586920639561
PD+PPO,high_inertia,high_inertia_4,False,False,,7.790290857899283,4.776568341274615,-4.775648503163404,0.0025514244203911503,8.257688361878625,2.0961600615946616,2.0,0.03,5.804382541043248,10.0,0.4637350368075342,-0.4637350368075342
PD,high_inertia,high_inertia_5,True,False,6.66,8.97897755522927,0.005342722401709064,-0.002165725562042635,0.007125243798392617,15.139101247078987,5.118509535623543,2.0,0.058,8.154062538711218,10.0,1.5413926571642198,-1.5413926571642198
PID,high_inertia,high_inertia_5,True,False,6.7,9.256128847452912,0.14216179355405795,-0.13774856437526137,0.009928862489966465,15.153317293103234,5.128587890489591,2.0,0.058,8.159147672084098,10.0,1.544932886772596,-1.544932886772596
PPO,high_inertia,high_inertia_5,False,False,,10.64277529107426,10.587663176383478,-10.64277529107426,-0.08760915179421422,18.932225634788665,1.1858096833995755,2.0,0.014,4.706966806203127,10.0,2.259805233457628,-2.259805233457628
PD+PPO,high_inertia,high_inertia_5,False,False,,8.429665415389671,4.7769003599142135,-4.776722016937624,0.0029552023647335854,15.759573614965666,4.068625265352083,2.0,0.056,7.279948010034388,10.0,1.641281841218248,-1.641281841218248
PD,bias_positive,bias_positive_0,True,False,4.54,5.740882255209855,0.7639372855284453,0.7639188853741702,2.8058595976649922e-05,14.150095361649942,3.789772164247277,2.0,0.046,7.3081976187606195,10.0,1.3609025308695573,-1.3609025308695573
PID,bias_positive,bias_positive_0,True,False,4.5200000000000005,6.020939826620949,0.872045565283718,0.8647158726959915,-0.0145047527207653,14.164536550473203,3.7924103452746953,2.0,0.046,7.303600985310958,10.0,1.3642702877570714,-1.3642702877570714
PPO,bias_positive,bias_positive_0,False,False,,0.0,9.552272737275205,-9.501002552719903,0.08284105729322865,22.8125481263962,0.6367976282336887,2.0,0.004,4.450115464627743,10.0,3.2451666736991585,-3.2451666736991585
PD+PPO,bias_positive,bias_positive_0,False,False,,0.6403084750759517,4.010713044726093,-4.010726950925414,2.8037962900116185e-05,14.614914639466003,3.4359374983880673,2.0,0.042,7.097846271924679,10.0,1.4249523106289517,-1.4249523106289517
PD,bias_positive,bias_positive_1,True,False,4.14,3.4990017366473203,0.7639349082464225,0.763932462033059,1.8796655821251242e-05,6.620438177705652,1.7686067697178507,2.0,0.02,5.853892712349301,10.0,0.31043135099792657,-0.31043135099792657
PID,bias_positive,bias_positive_1,True,False,4.12,3.7078098014851455,0.8238555371349063,0.8169482638021703,-0.013709443620497452,6.637274669433571,1.772934323150399,2.0,0.02,5.854949512904167,10.0,0.3122146463090784,-0.3122146463090784
PPO,bias_positive,bias_positive_1,False,False,,0.0,9.442965157689052,-9.421376903263882,0.034881665469110805,14.362545505616442,0.28087867830387875,1.7784847021102905,0.0,3.7894453555345535,10.0,1.2867610449450115,-1.2867610449450115
PD+PPO,bias_positive,bias_positive_1,False,False,,0.0,4.010712565822266,-4.010713791886116,1.6195130097998777e-05,7.690057212344271,1.4148118336341673,2.0,0.014,5.588959764712808,10.0,0.39387680369366107,-0.39387680369366107
PD,bias_positive,bias_positive_2,True,False,3.02,1.746540884847437,0.7639406139549244,0.7639396420127669,6.728592441036312e-06,2.3614072278730367,0.41449951643944744,1.3514962774552375,0.0,3.420550841900293,10.0,0.040734885616461027,-0.040734885616461027
PID,bias_positive,bias_positive_2,True,False,3.04,1.851562736264412,0.7481297169866861,0.7418594943533297,-0.01245967249769573,2.3733570947176723,0.41652666018023937,1.3518453433056363,0.0,3.423878806342843,10.0,0.04117445271727996,-0.04117445271727996
PPO,bias_positive,bias_positive_2,False,False,,0.0,9.369627459181617,-9.36795382830412,0.0027041840599684765,9.656268391159335,0.08796859443951968,0.6760655641555786,0.0,1.4419370293617249,10.0,0.583236720310799,-0.583236720310799
PD+PPO,bias_positive,bias_positive_2,False,False,,0.0,4.010706041552162,-4.010707102521891,3.7073288088310977e-06,4.6250015882659214,0.20841734819325822,0.8514962774552375,0.0,2.1506470983102894,10.0,0.13544557713196087,-0.13544557713196087
PD,bias_positive,bias_positive_3,True,False,3.0,0.0856777489182584,0.7639463021225734,0.7639473303113493,-5.759834516078912e-06,2.447749534271949,0.37550201260456534,1.3586993595839116,0.0,3.1884778773531313,10.0,0.041902120463689026,-0.041902120463689026
PID,bias_positive,bias_positive_3,True,False,3.0,0.20582041060040177,0.5756336029039273,0.570811920968907,-0.009597806887596021,2.409253226649902,0.3772037650108849,1.3590484254343105,0.0,3.19095389211518,10.0,0.040808113471100686,-0.040808113471100686
PPO,bias_positive,bias_positive_3,False,False,,9.308030811656955,9.287366701417413,-9.308030811656955,-0.033388356703888664,7.676628091068576,0.34306763388430983,2.0,0.002,4.064306028187275,10.0,0.37380341193977457,-0.37380341193977457
PD+PPO,bias_positive,bias_positive_3,False,False,,5.1732280053550275,4.0107011926318865,-4.010699546276047,-7.803007195709343e-06,4.387882375392641,0.632132652167198,1.8586993595839116,0.0,4.391639691449783,10.0,0.13053766494261015,-0.13053766494261015
PD,bias_positive,bias_positive_4,True,False,4.1,1.8273798296421278,0.7639523318525302,0.7639542286658262,-1.7918649150156206e-05,6.594989896305656,1.5341761941632766,2.0,0.02,5.601180959697985,10.0,0.30326246586249445,-0.30326246586249445
PID,bias_positive,bias_positive_4,True,False,4.16,2.044081092333987,0.5061456595059015,0.5019080792052399,-0.008452134863913604,6.578017092427652,1.5374509727624215,2.0,0.02,5.600751071078957,10.0,0.3022169233967679,-0.3022169233967679
PPO,bias_positive,bias_positive_4,False,False,,9.254998996475143,9.214565887778404,-9.254998996475143,-0.06533044483742201,10.505819927567092,0.5497259671936153,2.0,0.004,4.210262477397919,10.0,0.6996611151209753,-0.6996611151209753
PD+PPO,bias_positive,bias_positive_4,False,False,,5.348515703964337,4.010712268672468,-4.010696889916074,1.3111703674218788e-06,7.565716950178109,1.495220885460758,2.0,0.026,5.211336319336853,10.0,0.3906904372207877,-0.3906904372207877
PD,bias_positive,bias_positive_5,True,False,4.64,4.06183345651136,0.763937038070334,0.7639705058532774,-1.6209337231464003e-05,15.65590393554604,3.857909967664635,2.0,0.06,7.050025387599582,10.0,1.6354063632011926,-1.6354063632011926
PID,bias_positive,bias_positive_5,True,False,4.68,4.337644522512874,0.47123201060752407,0.4673223935746923,-0.00786535161499055,15.651155147569234,3.8584649900431165,2.0,0.06,7.044210570091441,10.0,1.635198597069118,-1.635198597069118
PPO,bias_positive,bias_positive_5,False,False,,9.158922601116956,9.082674180793944,-9.158922601116956,-0.12319918459443334,19.57843260432323,1.343275791379672,2.0,0.024,4.429228067398071,10.0,2.414742242799978,-2.414742242799978
PD+PPO,bias_positive,bias_positive_5,False,False,,5.451800723952486,4.010744542011955,-4.010704345317312,4.097417861408323e-05,16.180120355643744,3.2453592883771036,2.0,0.056,6.623932074899126,10.0,1.7237581473039052,-1.7237581473039052
PD,bias_negative,bias_negative_0,True,False,4.54,4.037242712749809,0.7639475639309627,-0.7639683786740226,2.5213399155421634e-05,14.440917943687849,3.4619060290155312,2.0,0.05,7.034728349472755,10.0,1.4030393676251791,-1.4030393676251791
PID,bias_negative,bias_negative_0,True,False,4.58,4.316422580685099,0.46816043484302655,-0.46426295393055567,0.00782457600056464,14.435544509157772,3.4627181757968954,2.0,0.05,7.029471150239266,10.0,1.4027991216818947,-1.4027991216818947
PPO,bias_negative,bias_negative_0,False,False,,0.0,12.372288577856038,-12.323497160851616,0.07884772289435278,24.40938674932969,0.5774851500823506,2.0,0.006,4.268369920551777,10.0,3.7140329570223862,-3.7140329570223862
PD+PPO,bias_negative,bias_negative_0,False,False,,0.0,5.538598397908523,-5.538614222677962,2.5718108036418102e-05,15.328153985935527,3.1366617563435684,2.0,0.046,6.829399359978896,10.0,1.549710322234806,-1.549710322234806
PD,bias_negative,bias_negative_1,True,False,4.0200000000000005,1.8504104522699683,0.7639542197400927,-0.763952653297103,1.8503898888048216e-05,5.996654611016567,1.1853933219168218,2.0,0.012,5.615628229713971,10.0,0.25486188547103833,-0.25486188547103833
PID,bias_negative,bias_negative_1,True,False,4.0600000000000005,2.062536148174076,0.5084887336952865,-0.5042276391825912,0.00849215037805025,5.978137100899811,1.1883642750880574,2.0,0.012,5.615164156842025,10.0,0.25382052122231513,-0.25382052122231513
PPO,bias_negative,bias_negative_1,False,False,,0.0,12.253778175797386,-12.237148509095231,0.02687378466098827,15.83601129100317,0.049894393909340966,0.29863208532333374,0.0,0.6582509651780128,10.0,1.5631353452741081,-1.5631353452741081
PD+PPO,bias_negative,bias_negative_1,False,False,,0.0,5.53860116397345,-5.538599169474628,1.558298594437073e-05,8.065416972702208,0.8580030344078052,2.0,0.004,5.352536599925099,10.0,0.42531175436277247,-0.42531175436277247
PD,bias_negative,bias_negative_2,True,False,2.96,0.07174700690163886,0.7639465345064069,-0.7639470913344752,5.793008361538663e-06,2.350803525952655,0.3110680074394551,1.236382371754162,0.0,2.935010873109502,10.0,0.03851924754860515,-0.03851924754860515
PID,bias_negative,bias_negative_2,True,False,2.96,0.18503521778419657,0.5811337749887361,-0.576265473568593,0.009689540735796422,2.312381770510067,0.3124809140600449,1.2367314376045608,0.0,2.9372061200288346,10.0,0.0374667096419944,-0.0374667096419944
PPO,bias_negative,bias_negative_2,False,False,,0.0,12.186670164042965,-12.188252697466151,-0.002557272247932142,11.901554346882463,0.08109281900180161,0.4009123742580414,0.0,0.7248825207352638,10.0,0.8863118771807925,-0.8863118771807925
PD+PPO,bias_negative,bias_negative_2,False,False,,0.0,5.538593190013492,-5.538593835869135,2.7717447299173282e-06,5.9090703395659565,0.15281730201410854,0.736382371754162,0.0,1.6625941682225251,10.0,0.2190908717600657,-0.2190908717600657
PD,bias_negative,bias_negative_3,True,False,2.88,1.7378293133915168,0.76393966542552,-0.7639406174532195,-6.863999313194671e-06,2.0254105926860646,0.2323546838555237,0.8522306538231676,0.0,2.416336654673005,10.0,0.03043894368299136,-0.03043894368299136
PID,bias_negative,bias_negative_3,True,False,2.9,1.8169447429108347,0.7256794678861468,-0.7195995336724615,0.012085239168829778,2.0320209691397486,0.2333231995464739,0.8525797196735665,0.0,2.4182687966262244,10.0,0.030665027489588395,-0.030665027489588395
PPO,bias_negative,bias_negative_3,False,False,,12.134009239932139,12.112222386330552,-12.134009239932139,-0.03520763739725765,9.94823296988001,0.1444401640187899,0.9469617009162903,0.0,2.138901136815548,10.0,0.6246825196917907,-0.6246825196917907
PD+PPO,bias_negative,bias_negative_3,False,False,,6.694146542594064,5.538587984665355,-5.5385874840553635,-8.066789860946456e-06,5.618351151182596,0.4148141248418105,1.3522306538231676,0.0,3.540199039770539,10.0,0.2078120460290213,-0.2078120460290213
PD,bias_negative,bias_negative_4,True,False,4.08,3.5010229905601506,0.7639331923962127,-0.763933859793245,-1.9357941792890868e-05,6.105791251947805,1.4777777786553936,2.0,0.012,5.855982014797886,10.0,0.26800861071265575,-0.26800861071265575
PID,bias_negative,bias_negative_4,True,False,4.0600000000000005,3.714292732488865,0.8256621613481459,-0.8187432360371139,0.013738636543889321,6.124466085302787,1.4823580017231408,2.0,0.012,5.857067624871594,10.0,0.26983378724706214,-0.26983378724706214
PPO,bias_negative,bias_negative_4,False,False,,12.080134806154016,12.038280945120965,-12.080134806154016,-0.06763591221273299,11.673915124149543,0.3931956808218133,2.0,0.002,4.392480336129665,10.0,0.863714406981613,-0.863714406981613
PD+PPO,bias_negative,bias_negative_4,False,False,,6.824411983776208,5.53859834847642,-5.538584625593844,1.3967318864425567e-07,7.96928432864541,1.4015803501479531,2.0,0.018,5.416417550039908,10.0,0.4323834547534987,-0.4323834547534987
PD,bias_negative,bias_negative_5,True,False,4.5,5.747760083410491,0.7639347770227299,-0.7639196922909196,-2.994570374562169e-05,13.797930967576454,3.680186862350725,2.0,0.044,7.313593219436835,10.0,1.2991208848952742,-1.2991208848952742
PID,bias_negative,bias_negative_5,True,False,4.5,6.02181130172086,0.8657185350861131,-0.8584454676356825,0.014397065053849965,13.812350260615334,3.682272276987323,2.0,0.044,7.309154903211851,10.0,1.3023929812226613,-1.3023929812226613
PPO,bias_negative,bias_negative_5,False,False,,11.99638188704751,11.923331301343373,-11.99638188704751,-0.11804931670679512,18.712777921234462,0.9415453804830641,2.0,0.01,4.610560677945614,10.0,2.2091486987538174,-2.2091486987538174
PD+PPO,bias_negative,bias_negative_5,False,False,,6.933382694868927,5.5386195011750825,-5.538587474737222,2.437855810448891e-05,14.768667247277731,3.0329049893269553,2.0,0.04,6.898859417764224,10.0,1.4552905053922216,-1.4552905053922216
PD,pulse_noise,pulse_noise_0,True,False,5.84,4.90026279867677,0.01011023095984965,-0.002996756965794957,-0.006850732450873402,14.457379322592978,3.649470540607962,2.0,0.05,7.898732324530724,10.0,1.4113632274453343,-1.4113632274453343
PID,pulse_noise,pulse_noise_0,True,False,5.2,5.175339136768514,0.16703016177906257,0.1709554573399346,-0.009546719500376994,14.465691987008386,3.6503555801693666,2.0,0.05,7.891254712464827,10.0,1.4136121193166638,-1.4136121193166638
PPO,pulse_noise,pulse_noise_0,False,False,,0.0,10.922507130179529,-10.887348839000008,0.0638578584352469,23.536398179273245,0.651447181699731,2.0,0.006,5.320004690438509,10.0,3.454182703573229,-3.454182703573229
PD+PPO,pulse_noise,pulse_noise_0,False,False,,0.0,4.782858948040081,-4.777642599572355,-0.006850269940673928,15.082857186051152,3.312133568941128,2.0,0.044,7.707871051337803,10.0,1.5078870941426212,-1.5078870941426212
PD,pulse_noise,pulse_noise_1,True,False,5.24,2.6817157679016943,0.013122919657102132,0.018416271281479657,0.0019076044106487566,6.791877212609618,1.7438194489171182,2.0,0.022,6.518869469816439,10.0,0.32337529296040407,-0.32337529296040407
PID,pulse_noise,pulse_noise_1,True,False,5.24,2.898932684114678,0.15307411062989407,0.15711157079508487,-0.0006459738744517137,6.800385076385061,1.7477406511186007,2.0,0.022,6.518573265901166,10.0,0.3244816127318751,-0.3244816127318751
PPO,pulse_noise,pulse_noise_1,False,False,,0.0,10.801898813967558,-10.785693496002422,0.01659884862884125,15.18821793358002,0.3144437939405269,2.0,0.002,5.221394449472427,10.0,1.439431515388367,-1.439431515388367
PD+PPO,pulse_noise,pulse_noise_1,False,False,,0.0,4.7615247381396,-4.7562299168496125,0.0019051353321992961,8.167529343649216,1.404148876954482,2.0,0.016,6.26517922690719,10.0,0.4401818835760312,-0.4401818835760312
PD,pulse_noise,pulse_noise_2,True,False,5.9,1.619054862656999,0.025265110976999856,0.007286253283122153,-0.013522928765725034,1.9168183727348393,0.16241811598179684,0.8050429000265453,0.0,3.043938899938141,10.0,0.027125509794447646,-0.027125509794447646
PID,pulse_noise,pulse_noise_2,True,False,5.9,1.6825579845037826,0.06467367511366075,0.04618352377677079,-0.01467899378671875,1.923400548481375,0.1631604603171935,0.8053919658769442,0.0,3.0457579033892883,10.0,0.027337609726544237,-0.027337609726544237
PPO,pulse_noise,pulse_noise_2,False,False,,0.0,10.721731966811443,-10.73670507401675,-0.0006988328099689012,10.245280150796637,0.06275794997956663,0.6325815916061401,0.0,2.3857090808451176,10.0,0.6565893066595945,-0.6565893066595945
PD+PPO,pulse_noise,pulse_noise_2,False,False,,0.0,4.749381544530088,-4.767360491251536,-0.01352595002935564,4.916394388798065,0.06483194746593332,0.31696778429703476,0.0,1.789300126912564,10.0,0.15200598591534514,-0.15200598591534514
PD,pulse_noise,pulse_noise_3,True,False,5.12,0.9088238146414162,0.0035771708749458004,-0.0066978938020353755,-0.04140999131561515,2.1900300326252267,0.2854090577202689,1.174435467139284,0.0,3.7660367972774123,10.0,0.03468107653724403,-0.03468107653724403
PID,pulse_noise,pulse_noise_3,True,False,5.12,1.0111382894752847,0.10000331694471716,-0.10596771087101219,-0.039756264522296886,2.1866773493838796,0.2870335529601222,1.1747845329896829,0.0,3.768855716453864,10.0,0.03466369251383012,-0.03466369251383012
PPO,pulse_noise,pulse_noise_3,False,False,,10.68862951764863,10.648849791305693,-10.68862951764863,-0.0830563324457789,8.520995933806057,0.21563539883341887,1.7036187648773193,0.0,4.631260249763727,10.0,0.45932406567742046,-0.45932406567742046
PD+PPO,pulse_noise,pulse_noise_3,False,False,,5.9422601305649385,4.774589706577822,-4.781344800289948,-0.04141158248619435,4.871621365476472,0.5189313088437914,1.674435467139284,0.0,4.922716382730282,10.0,0.15886582311974157,-0.15886582311974157
PD,pulse_noise,pulse_noise_4,True,False,5.96,2.658097921756437,0.0075289392770384045,0.011871483982060881,-0.005114915234463932,6.237280038827134,1.4344671635946329,2.0,0.016,6.4712811763965385,10.0,0.27615126544472424,-0.27615126544472424
PID,pulse_noise,pulse_noise_4,True,False,6.0,2.8669456671618505,0.17027743067074788,-0.16352606978422352,-0.002246972473617769,6.23920011362777,1.4382826814059972,2.0,0.016,6.470736313590088,10.0,0.27666560606522933,-0.27666560606522933
PPO,pulse_noise,pulse_noise_4,False,False,,10.635455926713812,10.588910759003575,-10.635455926713812,-0.08278256772715843,10.814588147739457,0.3772701105159834,2.0,0.002,5.295844320207834,10.0,0.7411410898897561,-0.7411410898897561
PD+PPO,pulse_noise,pulse_noise_4,False,False,,6.085569864698947,4.7680247700857405,-4.762779230014028,-0.005096074965825442,7.587054186925825,1.3813420619183965,2.0,0.02,6.104656767922271,10.0,0.3938557368428307,-0.3938557368428307
PD,pulse_noise,pulse_noise_5,True,False,5.82,4.885811418961926,0.009770025078569314,0.0063538957549650055,0.011294964828107587,14.446344220646125,3.671565666342606,2.0,0.05,7.839886945269902,10.0,1.409556610801429,-1.409556610801429
PID,pulse_noise,pulse_noise_5,True,False,5.94,5.159682084355802,0.21022878137028478,-0.21190409766858573,0.014800418770990692,14.450765400057941,3.6735334353633537,2.0,0.05,7.836162966942718,10.0,1.4111144358918395,-1.4111144358918395
PPO,pulse_noise,pulse_noise_5,False,False,,10.534342548221563,10.448345500833147,-10.534342548221563,-0.12535205142853575,18.7888222555108,1.0154929851634118,2.0,0.016,5.4483081214129925,10.0,2.2246804453120603,-2.2246804453120603
PD+PPO,pulse_noise,pulse_noise_5,False,False,,6.200575498358292,4.764914058595836,-4.76831617564059,0.011350603795311387,15.147009574170001,3.0404739774865077,2.0,0.046,7.574307985292965,10.0,1.522719856771751,-1.522719856771751
