#{"t_start": 1791206509.5855548, "env_id": "None"}
r,l,t
-2962.514025,373,7.240357
-1310.562219,347,9.7344
-1115.632815,169,11.413986
-1528.549746,500,15.919152
-1897.27897,384,18.140673
-1206.124098,500,25.155655
-2292.49355,496,28.462389
-857.466988,500,31.985579
-1276.353538,387,33.806291
-734.790933,500,35.269973
-1717.128382,468,36.702163
-900.52548,500,43.130148
-2392.857454,500,45.324069
-2736.714092,447,46.806087
-1558.055508,500,48.749172
-724.730708,500,50.104834
-641.34233,500,51.394552
-1612.921259,500,52.97398
-1047.957285,500,54.419839
-1195.1805,500,55.671614
-3117.250926,500,58.120638
-1365.441068,500,65.830881
-534.06956,500,67.972839
-615.091358,500,70.653883
-583.010245,500,72.225861
-625.887796,500,75.271121
-1887.177537,500,76.376069
-1148.591418,500,77.493299
-724.096636,500,78.827131
-746.647393,500,79.984605
-625.070219,500,81.554044
-544.841848,500,86.772788
-682.470385,500,88.39563
-654.576942,500,91.660964
-699.891301,500,93.133007
-676.670415,500,94.394365
-594.898176,500,95.713938
-654.38277,500,96.870431
-515.956128,500,98.139643
-538.602506,500,99.568451
-554.826469,500,101.049484
-675.946397,500,107.266161
-552.559765,500,109.723285
-493.948933,500,113.141769
-601.229139,500,116.782171
-557.591749,500,119.289983
-484.827329,500,120.635731
-491.715039,500,123.446957
-693.017006,500,129.352648
-540.418647,500,135.854353
-432.743903,500,138.966785
-418.185476,500,156.937816
-514.501974,500,159.689345
-402.755546,500,164.112084
-430.409783,500,166.300194
-501.010861,500,167.487413
-378.837557,500,168.798586
-408.373352,500,170.06778
-394.725139,500,171.449919
-419.317397,500,172.932222
-449.069599,500,174.33189
-416.476681,500,179.490252
-343.0833,500,180.800698
-324.100911,500,182.008272
-502.773646,500,183.365915
-353.195465,500,184.608807
-391.897208,500,185.8791
-330.847831,500,187.229373
-386.859226,500,188.644514
-412.388848,500,190.001084
-326.076211,500,191.329975
-344.956849,500,195.921013
-345.23957,500,199.145421
-329.058427,500,202.015914
-402.355124,500,203.281799
-295.336155,500,204.44175
-421.290602,500,205.579142
-388.174484,500,206.7696
-344.486595,500,208.012525
-360.316027,500,209.479924
-369.982481,500,210.864859
-385.374911,500,215.435487
-329.310821,500,216.828772
-298.266955,500,219.617582
-253.658868,500,221.059532
-386.092688,500,222.358423
-327.14281,500,223.499082
-314.21914,500,224.608117
-326.791861,500,225.812161
-285.779522,500,227.065499
-284.720162,500,228.421473
-369.225809,500,233.253164
-311.372655,500,236.900623
-242.486515,500,237.885849
-392.13546,500,239.183819
-279.64502,500,240.838691
-308.094329,500,242.508713
-382.408158,500,243.811342
-281.794136,500,247.67208
-261.460674,500,250.6536
-304.498424,500,252.980107
-278.45434,500,257.939183
