controller,group,episodes,success_rate,failure_rate,mean_settling_time_success_only_s,mean_overshoot_deg,mean_tail_mean_abs_error_deg,mean_torque_effort_nm2_s,mean_cost_integral
PD,all,84,1.0,0.0,3.9771428571428578,2.5646343672518648,0.2201628544045289,1.542357191803414,0.42880332429593304
PD,bias_negative,12,1.0,0.0,3.5383333333333336,2.2863130457754433,0.7639413846659284,1.3400869611735857,0.36517134470261875
PD,bias_positive,12,1.0,0.0,4.091666666666666,3.2272047029033613,0.7639430739619986,2.01206320129254,0.5586586995779425
PD,high_inertia,12,1.0,0.0,5.091666666666667,4.016877329691695,0.0020277628779532455,1.7623527662559562,0.3537095460960367
PD,in_distribution,12,1.0,0.0,3.556666666666666,1.8598896853449098,7.821864622045862e-06,0.9117557216133515,0.18239356988499025
PD,initial_state_shift,12,1.0,0.0,4.031666666666666,3.285160147764896,1.583898079263262e-05,2.197958761070972,0.6927581275001549
PD,low_inertia,12,1.0,0.0,1.8550000000000004,0.08845362829132773,7.136032760253844e-12,0.6936155170651737,0.2881475877333632
PD,pulse_noise,12,1.0,0.0,5.675000000000001,3.188542030991419,0.011204098473271718,1.8786674141523212,0.5607843945764249
PID,all,84,1.0,0.0,4.0061904761904765,2.7488107505089157,0.29254893981597674,1.5450524028587638,0.4295410289793853
PID,bias_negative,12,1.0,0.0,3.5333333333333337,2.441738093730103,0.6935571129315478,1.3422293548637085,0.36568901274104787
PID,bias_positive,12,1.0,0.0,4.046666666666667,3.441774506224364,0.670504479689241,2.014842428997627,0.5593679608633036
PID,high_inertia,12,1.0,0.0,5.203333333333332,4.195334925343684,0.1043564330562401,1.7685881870323394,0.3549692383324308
PID,in_distribution,12,1.0,0.0,3.5750000000000006,2.0184391200752465,0.11868807161330928,0.9143057912459366,0.1828871622240552
PID,initial_state_shift,12,1.0,0.0,4.043333333333334,3.5035794826707316,0.16048239479356283,2.200408663449724,0.6939158408906617
PID,low_inertia,12,1.0,0.0,1.8683333333333332,0.26288415691534134,0.15567380115046814,0.6939743258901855,0.28824210810272444
PID,pulse_noise,12,1.0,0.0,5.773333333333333,3.377924968602937,0.144580285477468,1.8810180685318258,0.5617158797014729
PPO_seed19,all,84,0.4166666666666667,0.0,6.806285714285714,5.673407901085204,1.318082861525725,0.2910788710153239,0.7224755012133236
PPO_seed19,bias_negative,12,0.0,0.0,,5.904337332700422,3.9585032387679058,0.3119931351253213,0.6820888930239227
PPO_seed19,bias_positive,12,0.0,0.0,,7.006442864625833,3.0317533057699073,0.3991706285736381,0.9536840285578898
PPO_seed19,high_inertia,12,0.16666666666666666,0.0,8.65,7.065571326470583,0.41506234830810823,0.29850682154923924,0.6220816107503836
PPO_seed19,in_distribution,12,1.0,0.0,7.621666666666667,3.804861595047745,0.46296368091252343,0.13321445027714643,0.32445021108338273
PPO_seed19,initial_state_shift,12,0.75,0.0,8.335555555555556,7.019422187391864,0.43247147557938886,0.42267757239247516,1.1154284988332221
PPO_seed19,low_inertia,12,1.0,0.0,4.536666666666668,1.5150345087835149,0.43752539207535096,0.12133385785961907,0.455657241912432
PPO_seed19,pulse_noise,12,0.0,0.0,,7.398185492576463,0.48830058926688946,0.3506556313298281,0.9039380243320313
PPO_seed42,all,84,0.3333333333333333,0.0,6.292857142857144,4.123101479728014,1.7107321832936297,0.14991670038172084,0.8876111650825803
PPO_seed42,bias_negative,12,0.0,0.0,,5.067081130643394,4.9631611412366325,0.18903986768038092,0.8494021087032646
PPO_seed42,bias_positive,12,0.0,0.0,,5.333394619949342,5.2502911439221505,0.22185967868111225,1.2325229608155455
PPO_seed42,high_inertia,12,0.0,0.0,,5.58589076365983,0.9335407653390589,0.1435706493103557,0.7239496807671916
PPO_seed42,in_distribution,12,0.6666666666666666,0.0,7.125,2.5399777012953924,0.17526278942413395,0.062041425938619964,0.3899271382478655
PPO_seed42,initial_state_shift,12,0.25,0.0,6.94,4.732670494068519,0.30426763144976926,0.20670149804657004,1.355791406238837
PPO_seed42,low_inertia,12,1.0,0.0,4.681666666666667,0.470374571032141,0.11525065357406354,0.05922944398387272,0.5721560518434942
PPO_seed42,pulse_noise,12,0.4166666666666667,0.0,8.440000000000001,5.132321077447474,0.23335115810959764,0.16697433903113432,1.0895288089618627
PPO_seed61,all,84,0.4166666666666667,0.0,7.4399999999999995,1.4199788468364103,2.368011120210121,0.0656790070197786,1.2856810035215278
PPO_seed61,bias_negative,12,0.0,0.0,,3.887335682335472,7.785117717671166,0.1138857341074175,1.2125226570091143
PPO_seed61,bias_positive,12,0.0,0.0,,3.7360750551652804,7.5018336278781,0.11315846959402535,1.800330185187007
PPO_seed61,high_inertia,12,0.5833333333333334,0.0,7.44,0.8765832075164637,0.4053266081429847,0.05324566630982105,0.9307573736334219
PPO_seed61,in_distribution,12,1.0,0.0,7.251666666666665,0.06402954699675768,0.14072884649609488,0.020004104688568582,0.5619062017163777
PPO_seed61,initial_state_shift,12,0.8333333333333334,0.0,7.87,0.055884307934580206,0.14941968800677327,0.0728561593249188,1.9651988376431317
PPO_seed61,low_inertia,12,0.5,0.0,7.1000000000000005,0.010348605106063747,0.3436754769820148,0.021658276030436324,0.9397714222959435
PPO_seed61,pulse_noise,12,0.0,0.0,,1.3095955228002525,0.24997587629371143,0.06494463908326271,1.5892803471656993
PPO_seed7,all,84,0.6190476190476191,0.0,6.927307692307692,2.1575142779163365,1.555558147172742,0.12142930157262458,0.9251641273581859
PPO_seed7,bias_negative,12,0.0,0.0,,3.482134001037897,5.196709356237151,0.16332913885706313,0.8657654213806252
PPO_seed7,bias_positive,12,0.0,0.0,,3.4763368850239917,5.132352494632103,0.1831089881791664,1.2708011116084295
PPO_seed7,high_inertia,12,0.3333333333333333,0.0,7.6899999999999995,3.061863539648169,0.24959389155262013,0.11225278502454439,0.719058275049317
PPO_seed7,in_distribution,12,1.0,0.0,6.4799999999999995,0.8723684224710339,0.041307361307985145,0.048293274720522784,0.40954478893598995
PPO_seed7,initial_state_shift,12,1.0,0.0,7.666666666666668,1.6095283911088336,0.06902812755969133,0.16302113537842236,1.4223861575332208
PPO_seed7,low_inertia,12,1.0,0.0,5.263333333333333,0.01807935746394271,0.037085628302673514,0.047000712443043456,0.6426200890767004
PPO_seed7,pulse_noise,12,1.0,0.0,8.045,2.582289348660487,0.16283017061697017,0.13299907640560962,1.14597304792302
PPO_seed83,all,84,0.39285714285714285,0.0,6.304848484848485,5.084429671588881,1.472838515516158,0.33516615386443976,0.6766483128561147
PPO_seed83,bias_negative,12,0.0,0.0,,4.769729282742584,2.273323746051038,0.34470045762767126,0.5808000304269049
PPO_seed83,bias_positive,12,0.0,0.0,,6.5125523502419185,3.9014751136929404,0.4599501463744116,0.9320322869993035
PPO_seed83,high_inertia,12,0.0,0.0,,6.513124766902313,0.8183906597893585,0.3399280471050033,0.5804402846478335
PPO_seed83,in_distribution,12,1.0,0.0,7.176666666666666,3.451930948863813,0.8134157144011968,0.15223143145774856,0.30745382366416957
PPO_seed83,initial_state_shift,12,0.75,0.0,7.853333333333334,6.43994177350531,0.8315620964487956,0.4993774429115689,1.0426532591729685
PPO_seed83,low_inertia,12,1.0,0.0,4.271666666666667,1.260831619992588,0.8246807329303137,0.1423335452040392,0.4346758491597984
PPO_seed83,pulse_noise,12,0.0,0.0,,6.642896958873634,0.847021545299463,0.4076420063706354,0.8584826559218249
